k,inertia,silhouette,davies_bouldin,calinski_harabasz,silhouette_rank,db_rank,ch_rank,combined_rank
2,250494.7304237945,0.18752309544346055,2.0891911282017834,5890.087892169167,1.0,9.0,1.0,11.0
3,223091.78540176133,0.13956546176374043,2.060932256830874,5322.613726429362,9.0,8.0,2.0,19.0
4,202090.2763245114,0.15144687346509264,1.8312612662072794,5054.088150558051,4.0,7.0,3.0,14.0
5,183970.27338750887,0.15597624525032278,1.6955576075047027,4971.94460149943,3.0,6.0,4.0,13.0
6,171213.1375115346,0.1582831627526603,1.5932018421270266,4762.899813461309,2.0,3.0,5.0,10.0
7,161522.38617792603,0.1463754126277057,1.6285907056711184,4535.258999825126,6.0,5.0,6.0,17.0
8,153854.34830285408,0.14161825341914985,1.6069662432600813,4314.664651117303,8.0,4.0,7.0,19.0
9,147847.27257884247,0.14558599361147626,1.5924122671468928,4095.2820641385756,7.0,2.0,8.0,17.0
10,142642.0826519634,0.1473066665836319,1.566810659700702,3906.027384078423,5.0,1.0,9.0,15.0
